"p_test","y.test"
0.0654702233279206,0
0.0502859596190358,0
0.458038349227872,0
0.135776842705581,0
0.0658291610480727,0
0.297978108070274,0
0.665668997249837,1
0.843588099964776,1
0.501059447297801,1
0.5709287317964,1
0.738428181522916,1
0.860567073622326,1
