"p_test","y.test"
0.298828900300321,0
0.4052354133602,0
0.471226674690128,0
0.499782537262446,0
0.198556312393142,0
0.159659868932191,0
0.171071483160581,0
0.403308204110464,0
0.0427496741139254,0
0.839469399315519,1
1.09601242179449,1
0.934594673995846,1
0.822070213039743,1
1.02407208105668,1
0.0434607155916078,0
0.00943215935931963,0
0.0639522188483894,0
0.221763346488743,0
0.097497565515391,0
